Year,1,2,3,4,5,6,7,8,9,10,11,12
1,29,29,29,30,29,30,30,29,30,30,29,30
2,29,30,29,30,29,30,29,30,29,30,29,30
3,29,30,30,29,30,29,30,29,30,29,29,30
4,29,30,30,30,29,30,29,30,29,29,30,29
5,30,29,30,30,30,29,30,29,30,29,30,29
6,29,29,30,30,30,30,29,30,29,30,29,29
7,30,29,29,30,30,30,29,30,30,29,30,29
8,29,30,29,30,29,30,29,30,30,29,30,30
9,29,29,30,29,30,29,30,29,30,29,30,30
10,29,30,29,30,30,29,29,30,29,30,29,30
11,29,30,30,29,30,30,29,29,30,29,29,30
12,30,29,30,30,29,30,30,29,29,30,29,29
13,30,29,30,30,29,30,30,29,30,29,30,29
14,30,29,29,30,30,29,30,30,29,30,29,30
15,29,30,29,29,30,29,30,29,30,30,29,30
16,30,29,30,29,29,30,29,30,29,30,29,30
17,30,30,29,30,29,29,30,29,29,30,29,30
18,30,30,30,29,30,29,29,30,29,29,30,29
19,30,30,30,29,30,29,30,29,29,30,29,30
20,29,30,30,29,30,30,29,30,29,29,30,29
21,30,29,30,29,30,30,29,30,29,30,30,29
22,30,29,29,30,29,30,29,30,29,30,30,30
23,29,30,29,29,30,29,29,30,29,30,30,30
24,30,29,30,29,30,29,29,29,30,29,30,30
25,30,30,29,30,29,30,29,29,29,30,29,30
26,30,30,29,30,30,29,29,30,29,29,30,30
27,29,30,29,30,30,29,30,29,30,29,30,29
28,30,29,29,30,30,29,30,30,29,30,29,30
29,29,30,29,29,30,29,30,30,29,30,30,29
30,30,29,30,29,29,30,29,30,29,30,30,30
31,29,30,29,30,29,29,30,29,30,29,30,30
32,29,30,30,29,30,29,29,30,29,30,29,30
33,29,30,30,29,30,30,29,30,29,29,30,29
34,30,29,30,29,30,30,30,29,30,29,29,30
35,29,30,29,29,30,30,30,29,30,29,30,29
36,30,29,29,30,29,30,30,29,30,30,29,30
37,29,30,29,29,30,29,30,29,30,30,30,29
38,30,29,30,29,29,30,29,30,29,30,30,29
39,30,29,30,29,30,29,30,29,30,29,30,29
40,30,29,30,30,29,30,29,30,29,30,29,30
41,29,29,30,30,29,30,30,30,29,29,30,29
42,29,30,29,30,29,30,30,30,30,29,29,30
43,29,29,30,29,30,29,30,30,30,29,30,29
44,30,29,29,30,29,30,29,30,30,30,29,30
45,29,30,29,29,30,29,30,29,30,30,29,30
46,30,29,30,29,29,30,30,29,29,30,29,30
47,30,29,30,29,30,30,29,30,29,29,30,29
48,30,29,30,29,30,30,30,29,30,29,29,30
49,29,30,29,30,29,30,30,30,29,30,29,29
50,30,29,29,30,29,30,30,30,29,30,29,30
51,29,30,29,29,30,29,30,30,29,30,30,29
52,30,29,30,29,29,30,30,29,30,29,30,29
53,30,30,29,30,29,30,29,30,29,29,30,29
54,30,30,30,29,30,29,30,29,29,30,29,29
55,30,30,30,29,30,30,29,30,29,29,30,29
56,29,30,30,29,30,30,30,29,30,29,29,30
57,29,30,29,30,29,30,30,29,30,29,30,29
58,30,29,30,29,30,29,30,29,30,29,30,30
59,29,30,29,30,29,29,30,29,30,29,30,30
60,30,29,30,29,30,29,29,30,29,29,30,30
61,30,30,29,30,29,30,29,29,30,29,29,30
62,30,30,29,30,30,29,30,29,29,30,29,29
63,30,30,29,30,30,30,29,30,29,29,30,29
64,30,29,30,29,30,30,29,30,29,30,29,30
65,29,30,29,30,29,30,29,30,30,29,30,29
66,30,30,29,29,30,29,30,29,30,29,30,30
67,29,30,30,29,29,30,29,30,29,29,30,30
68,30,29,30,30,29,29,30,29,29,30,29,30
69,30,29,30,30,29,30,29,30,29,29,30,29
70,30,29,30,30,29,30,30,29,30,29,29,30
71,29,30,29,30,29,30,30,30,29,30,29,30
72,29,29,30,29,30,29,30,30,29,30,30,29
73,30,29,29,30,29,29,30,30,29,30,30,29
74,30,30,29,29,30,29,29,30,29,30,30,29
75,30,30,29,30,29,30,29,29,30,29,30,30
76,29,30,30,29,30,29,30,29,30,29,29,30
77,29,30,30,29,30,29,30,30,29,30,29,29
78,30,29,30,29,30,29,30,30,30,29,30,29
79,29,30,29,29,30,29,30,30,30,30,29,30
80,29,29,30,29,29,30,29,30,30,30,29,30
81,30,29,29,30,29,29,30,29,30,30,29,30
82,30,29,30,29,30,29,29,30,30,29,30,29
83,30,30,29,30,29,30,29,30,29,30,29,29
84,30,30,29,30,29,30,30,29,30,29,30,29
85,29,30,29,30,29,30,30,30,29,30,29,30
86,29,29,30,29,30,29,30,30,30,29,30,29
87,30,29,29,30,29,29,30,30,30,29,30,30
88,29,30,29,29,30,29,29,30,30,29,30,30
89,29,30,30,29,29,30,29,30,29,30,29,30
90,29,30,30,30,29,29,30,29,30,29,30,29
91,29,30,30,30,29,30,29,30,29,30,29,29
92,30,29,30,30,29,30,30,29,30,29,30,29
93,29,30,29,30,29,30,30,29,30,30,29,30
94,29,29,30,29,30,29,30,29,30,30,29,30
95,29,30,29,30,29,30,29,30,29,30,29,30
96,30,29,30,30,29,29,30,29,30,29,29,30
97,30,29,30,30,30,29,29,30,29,29,30,29
98,30,29,30,30,30,30,29,29,30,29,29,30
99,29,30,29,30,30,30,29,30,29,30,29,29
100,30,29,30,29,30,30,29,30,30,29,30,29
101,29,30,29,30,29,30,29,30,30,29,30,29
102,30,29,30,30,29,29,30,29,30,29,30,30
103,29,30,30,29,30,29,29,30,29,30,29,30
104,29,30,30,30,29,30,29,29,30,29,29,30
105,29,30,30,30,30,29,30,29,29,30,29,29
106,30,29,30,30,30,29,30,30,29,29,30,29
107,29,30,30,29,30,29,30,30,29,30,29,30
108,29,29,30,30,29,30,29,30,29,30,30,29
109,30,29,30,29,30,29,29,30,29,30,30,30
110,29,30,29,30,29,29,30,29,30,29,30,30
111,29,30,30,29,30,29,29,30,29,30,29,30
112,29,30,30,30,29,30,29,29,30,29,30,29
113,30,29,30,30,29,30,29,30,29,30,29,30
114,29,30,29,30,29,30,29,30,30,29,30,29
115,30,29,29,30,29,30,29,30,30,30,29,30
116,29,30,29,29,30,29,29,30,30,30,29,30
117,30,29,30,29,29,30,29,29,30,30,29,30
118,30,30,29,30,29,29,30,29,29,30,30,29
119,30,30,29,30,30,29,29,30,29,30,29,30
120,29,30,29,30,30,29,30,29,30,29,30,29
121,30,29,30,29,30,29,30,29,30,30,30,29
122,29,30,29,30,29,29,30,30,29,30,30,30
123,29,29,30,29,29,30,29,30,29,30,30,30
124,29,30,29,30,29,29,30,29,30,30,29,30
125,30,29,30,29,30,29,29,30,29,30,29,30
126,30,29,30,30,29,30,29,29,30,29,30,29
127,30,29,30,30,30,29,30,29,30,29,30,29
128,29,30,29,30,30,29,30,29,30,30,29,30
129,29,29,29,30,30,29,30,30,29,30,30,29
130,29,30,29,29,30,30,29,30,29,30,30,29
131,30,29,30,29,30,29,29,30,29,30,30,30
132,29,30,29,30,29,30,29,29,30,29,30,30
133,29,30,29,30,30,29,30,29,29,30,29,30
134,29,30,29,30,30,30,29,30,29,29,30,29
135,29,30,29,30,30,30,30,29,30,29,29,30
136,29,29,30,29,30,30,30,29,30,30,29,29
137,30,29,29,30,29,30,30,29,30,30,29,30
138,29,30,29,29,30,30,29,29,30,30,29,30
139,29,30,29,30,30,29,30,29,29,30,29,30
140,29,30,30,30,29,30,29,30,29,29,30,29
141,30,29,30,30,30,29,30,29,30,29,29,30
142,29,29,30,30,30,30,29,30,29,30,29,29
143,30,29,29,30,30,30,29,30,30,29,30,29
144,29,30,29,29,30,30,29,30,30,29,30,30
145,29,29,30,29,30,29,30,29,30,29,30,30
146,29,30,29,30,29,30,29,30,29,29,30,30
147,30,29,30,29,30,30,29,29,29,30,29,30
148,30,29,30,30,29,30,29,30,29,29,30,29
149,30,29,30,30,29,30,30,29,30,29,29,30
150,29,30,29,30,29,30,30,29,30,29,30,30
151,29,29,30,29,30,29,30,29,30,30,29,30
152,30,29,29,30,29,30,29,29,30,30,29,30
153,30,30,29,29,30,29,29,30,29,30,29,30
154,30,30,30,29,29,30,29,29,30,29,30,29
155,30,30,30,29,30,29,30,29,29,30,29,30
156,29,30,30,29,30,30,29,29,30,29,30,29
157,30,29,30,29,30,30,29,30,29,30,29,30
158,30,29,29,30,29,30,29,30,29,30,30,30
159,29,30,29,29,30,29,29,30,29,30,30,30
160,30,29,30,29,29,30,29,29,30,29,30,30
161,30,30,29,30,29,29,30,29,29,30,29,30
162,30,30,29,30,30,29,29,30,29,29,30,30
163,29,30,29,30,30,29,30,29,30,29,30,29
164,30,29,29,30,30,29,30,30,29,30,29,30
165,29,30,29,29,30,29,30,30,29,30,30,29
166,30,29,29,30,29,30,29,30,29,30,30,30
167,29,30,29,29,30,29,30,29,30,29,30,30
168,29,30,30,29,29,30,29,30,29,29,30,30
169,29,30,30,29,30,29,30,29,30,29,29,30
170,30,29,30,29,30,30,29,30,29,30,29,30
171,29,29,30,29,30,30,30,29,30,29,30,29
172,30,29,29,29,30,30,30,29,30,30,29,30
173,29,29,30,29,29,30,30,29,30,30,30,29
174,30,29,29,30,29,29,30,30,29,30,30,29
175,30,29,30,29,30,29,30,29,30,29,30,29
176,30,29,30,30,29,30,29,30,29,30,29,30
177,29,29,30,30,29,30,30,30,29,29,30,29
178,29,30,29,30,29,30,30,30,30,29,29,30
179,29,29,30,29,30,29,30,30,30,29,30,29
180,30,29,29,29,30,30,29,30,30,30,29,30
181,29,30,29,29,30,29,30,29,30,30,29,30
182,30,29,30,29,29,30,29,30,29,30,29,30
183,30,29,30,29,30,30,29,30,29,29,30,29
184,30,29,30,30,29,30,30,29,30,29,29,30
185,29,30,29,30,29,30,30,30,29,29,30,29
186,30,29,29,30,29,30,30,30,29,30,29,30
187,29,30,29,29,30,29,30,30,29,30,30,29
188,30,29,30,29,29,30,29,30,29,30,30,29
189,30,30,29,30,29,29,30,29,30,29,30,29
190,30,30,30,29,30,29,30,29,29,29,30,29
191,30,30,30,30,29,30,29,30,29,29,29,30
192,29,30,30,30,29,30,30,29,29,30,29,29
193,30,29,30,30,29,30,30,29,30,29,30,29
194,30,29,30,29,29,30,30,29,30,29,30,29
195,30,30,29,30,29,29,30,29,30,29,30,30
196,30,29,30,29,30,29,29,30,29,29,30,30
197,30,30,29,30,29,30,29,29,30,29,29,30
198,30,30,29,30,30,29,30,29,29,29,30,29
199,30,30,30,29,30,30,29,30,29,29,29,30
200,30,29,30,29,30,30,29,30,29,30,29,30
201,29,30,29,30,29,30,29,30,30,29,30,29
202,30,30,29,29,29,30,29,30,30,29,30,30
203,29,30,30,29,29,29,30,29,30,29,30,30
204,30,29,30,29,30,29,30,29,29,30,29,30
205,30,29,30,30,29,30,29,30,29,29,30,29
206,30,29,30,30,29,30,30,29,30,29,29,30
207,29,30,29,30,29,30,30,29,30,30,29,29
208,30,29,30,29,29,30,30,29,30,30,30,29
209,29,30,29,30,29,29,30,29,30,30,30,29
210,30,29,30,29,29,30,29,30,29,30,30,30
211,29,30,29,30,29,29,30,29,30,29,30,30
212,29,30,30,29,29,30,29,30,29,30,29,30
213,29,30,29,30,30,29,30,29,30,30,29,29
214,30,29,30,29,30,29,30,30,30,29,30,29
215,29,30,29,29,30,29,30,30,30,30,29,30
216,29,29,30,29,29,30,29,30,30,30,29,30
217,30,29,29,30,29,29,30,29,30,30,29,30
218,30,29,30,29,30,29,29,30,30,29,30,29
219,30,30,29,30,29,29,30,30,29,30,29,29
220,30,30,29,30,29,30,30,29,30,29,30,29
221,29,30,29,30,29,30,30,30,29,30,29,29
222,30,29,30,29,30,29,30,30,30,29,30,29
223,29,30,29,30,29,29,30,30,30,29,30,30
224,29,30,29,29,30,29,29,30,30,29,30,30
225,29,30,30,29,29,30,29,30,29,30,29,30
226,29,30,30,30,29,29,30,29,30,29,29,30
227,29,30,30,30,29,30,29,30,29,30,29,29
228,29,30,30,30,29,30,30,29,30,29,30,29
229,29,29,30,30,29,30,30,30,29,30,29,29
230,30,29,30,29,30,29,30,29,30,30,29,30
231,29,30,29,30,29,30,29,30,29,30,29,30
232,30,29,30,29,30,29,30,29,29,30,29,30
233,30,29,30,30,30,29,29,30,29,29,30,29
234,30,29,30,30,30,29,30,29,30,29,29,29
235,30,29,30,30,30,30,29,30,29,30,29,29
236,29,30,30,29,30,30,29,30,30,29,30,29
237,29,30,29,30,29,30,29,30,30,30,29,29
238,30,29,30,29,30,29,30,29,30,30,29,30
239,29,30,30,29,30,29,29,30,29,30,29,30
240,29,30,30,30,29,30,29,29,30,29,29,30
241,29,30,30,30,30,29,29,30,29,30,29,29
242,30,29,30,30,30,29,30,29,30,29,30,29
243,29,30,29,30,30,29,30,30,29,30,29,30
244,29,29,30,29,30,29,30,30,29,30,30,29
245,30,29,30,29,29,30,29,30,29,30,30,30
246,29,30,29,30,29,29,29,30,29,30,30,30
247,29,30,30,29,30,29,29,29,30,29,30,30
248,29,30,30,29,30,29,30,29,29,30,29,30
249,30,29,30,30,29,30,29,30,29,30,29,30
250,29,29,30,29,30,30,29,30,30,29,30,29
251,30,29,29,30,29,30,29,30,30,30,29,30
252,29,30,29,29,30,29,29,30,30,30,29,30
253,30,29,30,29,29,29,30,29,30,30,30,29
254,30,30,29,30,29,29,29,30,29,30,30,29
255,30,30,29,30,30,29,29,29,30,30,29,30
256,29,30,29,30,30,29,30,29,30,29,30,29
257,30,29,30,29,30,29,30,30,29,30,30,29
258,29,29,30,29,30,29,30,30,30,29,30,30
259,29,29,30,29,29,30,29,30,30,29,30,30
260,29,30,29,30,29,29,30,29,30,30,29,30
261,30,29,30,29,30,29,29,30,29,30,29,30
262,30,29,30,30,29,30,29,29,30,29,30,29
263,30,29,30,30,30,29,30,29,29,30,29,30
264,29,29,30,30,30,29,30,29,30,30,29,29
265,30,29,29,30,30,29,30,30,29,30,30,29
266,29,29,30,29,30,29,30,30,29,30,30,29
267,30,29,29,30,29,30,29,30,29,30,30,29
268,30,29,30,29,30,29,30,29,30,29,30,29
269,30,30,29,30,30,29,30,29,29,30,29,30
270,29,29,30,30,30,30,29,30,29,29,30,29
271,29,30,29,30,30,30,30,29,30,29,29,30
272,29,29,30,29,30,30,30,29,30,30,29,29
273,29,30,29,30,29,30,30,29,30,30,29,30
274,29,29,30,29,30,29,30,29,30,30,29,30
275,29,30,29,30,30,29,29,30,29,30,29,30
276,30,29,30,30,29,30,29,29,30,29,30,29
277,30,29,30,30,30,29,30,29,30,29,29,30
278,29,29,30,30,30,30,29,30,29,30,29,29
279,30,29,29,30,30,29,30,30,30,29,30,29
280,29,30,29,29,30,30,29,30,30,29,30,30
281,29,29,30,29,30,29,30,29,30,29,30,30
282,29,30,29,30,29,30,29,29,30,29,30,30
283,30,29,30,29,30,29,30,29,29,30,29,30
284,30,29,30,30,29,30,29,30,29,29,30,29
285,30,29,30,30,29,30,30,29,29,30,29,30
286,29,30,29,30,29,30,30,29,30,29,30,29
287,30,29,30,29,30,29,30,29,30,30,29,30
288,30,29,29,30,29,29,30,29,30,29,30,30
289,30,30,29,29,30,29,29,30,29,30,29,30
290,30,30,29,30,29,30,29,29,29,30,29,30
291,30,30,30,29,30,29,30,29,29,29,30,30
292,29,30,30,29,30,30,29,29,30,29,30,29
293,30,29,30,29,30,30,29,30,29,30,29,30
294,29,30,29,30,29,30,29,30,29,30,30,30
295,29,30,29,29,30,29,29,30,29,30,30,30
296,30,29,29,30,29,30,29,29,30,29,30,30
297,30,30,29,29,30,29,30,29,29,30,29,30
298,30,30,29,30,29,30,29,30,29,29,30,29
299,30,30,29,30,30,29,30,29,30,29,29,30
300,29,30,29,30,30,29,30,30,29,30,29,30
301,29,29,30,29,30,29,30,30,29,30,30,29
302,30,29,29,30,29,30,29,30,30,29,30,30
303,29,30,29,29,30,29,30,29,30,29,30,30
304,29,30,29,30,29,30,29,30,29,29,30,30
305,29,30,30,29,30,29,30,29,30,29,29,30
306,29,30,30,29,30,30,29,30,29,30,29,29
307,30,29,30,29,30,30,30,29,30,29,30,29
308,29,30,29,29,30,30,30,29,30,30,29,30
309,29,29,29,30,29,30,30,29,30,30,30,29
310,30,29,29,29,30,29,30,30,29,30,30,29
311,30,29,30,29,29,30,30,29,30,29,30,29
312,30,30,29,30,29,30,29,30,29,30,29,29
313,30,30,29,30,29,30,30,29,30,29,30,29
314,29,30,29,30,30,30,29,30,29,30,29,30
315,29,29,30,29,30,30,29,30,30,29,30,29
316,30,29,29,29,30,30,29,30,30,30,29,30
317,29,30,29,29,30,29,30,29,30,30,29,30
318,30,29,30,29,29,30,29,30,29,30,29,30
319,30,29,30,29,30,30,29,29,30,29,29,30
320,30,29,30,30,29,30,30,29,29,30,29,29
321,30,30,29,30,30,29,30,30,29,29,30,29
322,29,30,29,30,30,29,30,30,29,30,29,30
323,29,29,30,29,30,29,30,30,29,30,29,30
324,30,29,30,29,29,30,29,30,29,30,30,29
325,30,30,29,30,29,29,30,29,30,29,29,30
326,30,30,30,29,30,29,29,30,29,29,30,29
327,30,30,30,29,30,30,29,29,30,29,29,30
328,29,30,30,30,29,30,29,30,29,29,30,29
329,30,29,30,30,29,30,30,29,30,29,29,30
330,29,30,29,30,29,30,30,29,30,29,30,29
331,30,30,29,29,30,29,30,29,30,29,30,30
332,30,29,30,29,29,30,29,30,29,29,30,30
333,30,30,29,30,29,30,29,29,30,29,29,30
334,30,30,29,30,30,29,30,29,29,29,30,29
335,30,30,29,30,30,29,30,30,29,29,29,30
336,30,29,30,29,30,30,29,30,29,30,29,30
337,29,30,29,30,29,30,29,30,30,29,30,29
338,30,29,30,29,29,30,29,30,30,29,30,30
339,29,30,29,30,29,29,30,29,30,29,30,30
340,30,29,30,29,30,29,29,30,29,30,29,30
341,30,29,30,30,29,29,30,29,30,29,30,29
342,30,29,30,30,29,30,29,30,30,29,29,30
343,29,30,29,30,29,30,30,29,30,30,29,29
344,30,29,29,30,29,30,29,30,30,30,30,29
345,29,30,29,29,30,29,30,29,30,30,30,29
346,30,29,30,29,29,29,30,30,29,30,30,30
347,29,30,29,30,29,29,30,29,30,29,30,30
348,29,30,29,30,29,30,29,30,29,30,29,30
349,29,30,30,29,30,29,30,29,30,29,30,29
350,30,29,30,29,30,29,30,30,30,29,29,30
351,29,30,29,29,30,29,30,30,30,30,29,29
352,30,29,30,29,29,29,30,30,30,30,29,30
353,29,30,29,30,29,29,30,29,30,30,30,29
354,30,29,30,29,29,30,29,30,29,30,30,29
355,30,30,29,30,29,29,30,30,29,29,30,29
356,30,30,29,30,30,29,30,29,30,29,29,30
357,29,30,29,30,30,29,30,30,29,30,29,29
358,30,29,30,29,30,29,30,30,30,29,30,29
359,29,30,29,30,29,29,30,30,30,29,30,29
360,30,29,30,29,30,29,29,30,30,29,30,30
361,29,30,29,30,29,30,29,29,30,29,30,30
362,29,30,30,29,30,29,30,29,29,30,29,30
363,29,30,30,30,29,30,29,30,29,29,30,29
364,29,30,30,30,29,30,30,29,30,29,29,30
365,29,29,30,30,29,30,30,30,29,30,29,29
366,29,30,29,30,30,29,30,30,29,30,29,30
367,29,30,29,30,29,30,29,30,29,30,29,30
368,29,30,30,29,30,29,30,29,29,30,29,30
369,30,29,30,30,29,30,29,30,29,29,30,29
370,30,29,30,30,30,29,30,29,30,29,29,29
371,30,30,29,30,30,30,29,30,29,30,29,29
372,29,30,30,29,30,30,29,30,30,29,30,29
373,29,30,29,30,29,30,29,30,30,30,29,29
374,30,29,30,29,30,29,30,29,30,30,29,30
375,29,30,30,29,29,30,29,29,30,30,29,30
376,30,29,30,30,29,29,30,29,29,30,29,30
377,30,29,30,30,29,30,29,30,29,30,29,29
378,30,29,30,30,30,29,30,29,30,29,30,29
379,29,30,29,30,30,29,30,29,30,30,29,30
380,29,29,30,29,30,29,30,29,30,30,30,29
381,30,29,29,30,29,30,29,29,30,30,30,30
382,29,30,29,29,30,29,29,30,29,30,30,30
383,29,30,30,29,29,30,29,29,30,29,30,30
384,29,30,30,29,30,29,30,29,29,30,29,30
385,30,29,30,29,30,30,29,29,30,29,30,29
386,30,29,30,29,30,30,29,30,29,30,30,29
387,29,30,29,30,29,30,29,30,30,30,29,30
388,29,30,29,29,30,29,29,30,30,30,30,29
389,30,29,30,29,29,29,30,29,30,30,30,29
390,30,30,29,30,29,29,29,30,29,30,30,29
391,30,30,29,30,30,29,29,29,30,30,29,30
392,29,30,29,30,30,29,30,29,30,29,30,29
393,29,30,30,29,30,29,30,30,29,30,29,30
394,29,29,30,29,30,30,29,30,30,29,30,29
395,30,29,29,30,29,30,29,30,30,30,29,30
396,29,30,29,29,30,29,30,29,30,30,29,30
397,30,29,30,29,30,29,29,30,29,30,29,30
398,30,29,30,30,29,30,29,29,30,29,30,29
399,30,29,30,30,29,30,30,29,29,30,29,30
400,29,29,30,30,29,30,30,29,30,29,30,29
401,29,30,29,30,29,30,30,30,29,30,29,30
402,29,29,30,29,30,29,30,30,29,30,30,29
403,30,29,29,30,29,30,29,30,29,30,30,29
404,30,29,30,29,30,29,30,29,30,29,30,29
405,30,29,30,30,29,30,29,30,29,30,29,29
406,30,29,30,30,30,30,29,30,29,29,30,29
407,29,30,29,30,30,30,30,29,30,29,29,29
408,30,29,29,30,30,30,30,29,30,29,30,29
409,29,30,29,30,29,30,30,29,30,30,29,30
410,29,29,30,29,30,29,30,29,30,30,30,29
411,30,29,29,30,30,29,29,30,29,30,30,29
412,30,29,30,30,29,30,29,29,30,29,30,29
413,30,29,30,30,30,29,30,29,29,30,29,30
414,29,29,30,30,30,29,30,30,29,29,30,29
415,30,29,29,30,30,30,29,30,29,30,29,30
416,29,29,30,29,30,30,29,30,30,29,30,29
417,30,29,30,29,29,30,29,30,29,30,30,30
418,29,30,29,30,29,30,29,29,30,29,30,30
419,30,29,30,29,30,29,29,30,29,29,30,30
420,30,29,30,30,29,30,29,29,30,29,29,30
421,30,29,30,30,29,30,30,29,29,30,29,30
422,29,30,29,30,29,30,30,29,30,29,30,29
423,30,29,30,29,30,29,30,29,30,29,30,30
424,29,30,29,30,29,29,30,29,30,29,30,30
425,30,29,30,29,30,29,29,29,30,29,30,30
426,30,30,29,30,29,30,29,29,29,30,29,30
427,30,30,30,29,30,29,29,30,29,29,30,30
428,29,30,30,29,30,30,29,29,30,29,30,29
429,30,29,30,29,30,30,29,30,29,30,29,30
430,29,30,29,30,29,30,29,30,30,29,30,30
431,29,29,30,29,29,30,30,29,30,29,30,30
432,30,29,29,30,29,30,29,29,30,29,30,30
433,30,29,30,29,30,29,30,29,29,30,29,30
434,30,30,29,30,29,30,29,30,29,29,30,29
435,30,30,29,30,30,29,30,29,30,29,29,30
436,29,30,29,30,30,29,30,30,29,30,29,29
437,30,29,30,29,29,30,30,30,30,29,30,29
438,30,29,29,29,30,29,30,30,30,29,30,30
439,29,29,30,29,29,30,29,30,30,29,30,30
440,29,30,29,30,29,29,30,29,30,29,30,30
441,29,30,30,29,29,30,30,29,29,30,29,30
442,29,30,30,29,30,29,30,30,29,30,29,29
443,30,29,30,29,30,30,30,29,30,29,30,29
444,29,29,30,29,30,30,30,29,30,30,29,30
445,29,29,29,30,29,30,30,29,30,30,30,29
446,30,29,29,29,30,29,30,30,29,30,30,29
447,30,29,30,29,29,30,30,29,29,30,30,29
448,30,30,29,30,29,30,29,30,29,29,30,29
449,30,30,29,30,29,30,30,29,30,29,29,30
450,29,30,29,30,30,30,29,30,29,30,29,29
451,30,29,30,29,30,30,29,30,30,29,30,29
452,30,29,29,29,30,30,29,30,30,30,29,30
453,29,30,29,29,29,30,30,29,30,30,29,30
454,30,29,30,29,29,30,29,30,29,30,29,30
455,30,29,30,29,30,29,30,29,30,29,29,30
456,30,29,30,30,29,30,30,29,29,29,30,29
457,30,29,30,30,30,29,30,29,30,29,29,30
458,29,30,29,30,30,29,30,30,29,30,29,29
459,30,29,30,29,30,29,30,30,29,30,29,30
460,29,30,29,30,29,30,29,30,29,30,29,30
461,30,30,29,29,30,29,30,29,29,30,29,30
462,30,30,30,29,30,29,29,29,30,29,30,29
463,30,30,30,29,30,30,29,29,29,30,29,29
464,30,30,30,30,29,30,29,30,29,29,30,29
465,30,29,30,30,29,30,30,29,30,29,29,30
466,29,30,29,30,29,30,30,29,30,29,30,29
467,30,30,29,29,30,29,30,29,30,29,30,30
468,30,29,30,29,29,30,29,30,29,30,29,30
469,30,30,29,30,29,29,30,29,29,30,29,30
470,30,30,29,30,30,29,29,30,29,29,30,29
471,30,30,29,30,30,29,30,30,29,29,29,30
472,29,30,30,29,30,29,30,30,29,30,29,30
473,29,30,29,29,30,29,30,30,30,29,30,29
474,30,29,30,29,29,30,29,30,30,29,30,30
475,29,30,29,30,29,29,29,30,30,29,30,30
476,30,29,30,29,29,30,29,30,29,30,29,30
477,30,29,30,30,29,29,30,29,30,29,30,29
478,30,29,30,30,29,30,29,30,29,30,29,30
479,29,29,30,30,29,30,29,30,30,29,30,29
480,30,29,29,30,29,30,29,30,30,30,29,30
481,29,30,29,29,29,30,29,30,30,30,30,29
482,30,29,29,30,29,29,30,29,30,30,30,30
483,29,30,29,29,30,29,29,30,30,29,30,30
484,29,30,29,30,29,30,29,30,29,30,29,30
485,29,30,30,29,30,29,30,29,30,29,30,29
486,30,29,30,29,30,29,30,30,30,29,29,30
487,29,29,30,29,30,29,30,30,30,30,29,29
488,30,29,29,30,29,30,29,30,30,30,29,30
489,29,30,29,29,30,29,30,29,30,30,30,29
490,30,29,30,29,29,30,29,30,29,30,30,29
491,30,30,29,30,29,29,30,29,30,29,30,29
492,30,30,29,30,30,29,30,29,30,29,29,29
493,30,30,29,30,30,29,30,30,29,30,29,29
494,29,30,29,30,30,29,30,30,30,29,29,30
495,29,29,30,29,30,30,29,30,30,29,30,29
496,30,29,30,29,29,30,29,30,30,29,30,29
497,30,30,29,30,29,29,30,29,30,29,30,29
498,30,30,30,29,30,29,30,29,29,30,29,29
499,30,30,30,30,29,30,29,30,29,29,29,30
500,29,30,30,30,29,30,30,29,30,29,29,29
501,30,29,30,30,29,30,30,30,29,29,30,29
502,29,30,29,30,30,29,30,30,29,30,29,30
503,29,29,30,29,30,29,30,30,29,30,29,30
504,29,30,30,29,30,29,29,30,29,30,29,30
505,30,29,30,30,29,30,29,29,30,29,30,29
506,30,30,30,29,30,29,30,29,29,30,29,29
507,30,30,30,29,30,30,29,30,29,30,29,29
508,29,30,30,29,30,30,29,30,30,29,29,30
509,29,29,30,30,29,30,29,30,30,30,29,29
510,30,29,30,29,30,29,29,30,30,30,29,30
511,29,30,29,30,29,30,29,29,30,30,29,30
512,30,29,30,30,29,29,29,30,29,30,29,30
513,30,29,30,30,29,30,29,29,30,29,30,29
514,30,29,30,30,30,29,30,29,29,30,29,30
515,29,30,29,30,30,29,30,29,30,30,29,29
516,30,29,30,29,30,29,30,29,30,30,30,29
517,30,29,29,30,29,29,30,29,30,30,30,30
518,29,30,29,29,30,29,29,30,29,30,30,30
519,29,30,29,30,29,29,30,29,29,30,30,30
520,29,30,30,29,30,29,29,30,29,30,29,30
521,29,30,30,30,29,29,30,29,30,29,30,29
522,30,29,30,30,29,30,29,30,29,30,30,29
523,29,30,29,30,29,30,29,30,30,30,29,30
524,29,29,30,29,29,30,29,30,30,30,30,29
525,30,29,29,30,29,29,30,29,30,30,30,29
526,30,30,29,29,30,29,29,30,29,30,30,29
527,30,30,29,30,29,30,29,29,30,29,30,30
528,29,30,29,30,30,29,30,29,30,29,30,29
529,29,30,29,30,30,30,29,30,29,30,29,30
530,29,29,30,29,30,30,29,30,30,29,30,29
531,30,29,29,30,29,30,29,30,30,30,29,30
532,29,29,30,29,30,29,30,29,30,30,29,30
533,30,29,29,30,29,30,29,29,30,30,29,30
534,30,29,30,29,30,29,30,29,30,29,30,29
535,30,29,30,30,29,30,29,30,29,30,29,29
536,30,29,30,29,30,30,30,29,30,29,30,29
537,29,29,30,30,29,30,30,30,29,30,29,30
538,29,29,29,30,30,29,30,30,29,30,30,29
539,29,30,29,29,30,30,29,30,29,30,30,29
540,30,29,30,29,30,29,30,29,30,29,30,29
541,30,29,30,30,29,30,29,30,29,29,30,29
542,30,29,30,30,30,30,29,29,30,29,29,30
543,29,30,29,30,30,30,29,30,29,30,29,29
544,30,29,29,30,30,30,30,29,30,29,30,29
545,29,30,29,30,29,30,30,29,30,30,29,30
546,29,29,30,29,30,29,30,29,30,30,30,29
547,30,29,29,30,29,30,29,30,29,30,30,29
548,30,29,30,30,29,30,29,29,30,29,30,29
549,30,30,29,30,30,29,30,29,29,29,30,30
550,29,30,29,30,30,29,30,29,30,29,30,29
551,29,30,29,30,30,30,29,30,29,30,29,30
552,29,29,30,29,30,30,29,30,29,30,30,29
553,30,29,29,30,29,30,29,30,29,30,30,30
554,29,30,29,30,29,29,30,29,29,30,30,30
555,30,29,30,29,30,29,29,29,30,29,30,30
556,30,29,30,30,29,30,29,29,29,30,29,30
557,30,29,30,30,29,30,29,30,29,29,30,29
558,30,30,29,30,29,30,30,29,30,29,29,30
559,30,29,29,30,29,30,30,29,30,29,30,30
560,29,30,29,29,30,29,30,29,30,30,29,30
561,30,29,30,29,29,30,29,29,30,30,29,30
562,30,30,29,30,29,29,30,29,29,30,30,29
563,30,30,30,29,30,29,29,30,29,29,30,30
564,29,30,30,29,30,30,29,29,30,29,30,29
565,30,29,30,29,30,30,29,30,29,30,29,30
566,29,30,29,29,30,30,30,29,30,29,30,30
567,29,29,29,30,29,30,30,29,30,29,30,30
568,29,30,29,29,30,29,30,29,30,30,29,30
569,30,29,30,29,30,29,29,30,29,30,29,30
570,30,30,29,30,29,30,29,29,30,29,30,29
571,30,30,29,30,29,30,30,29,29,30,29,30
572,29,30,29,30,29,30,30,30,29,29,30,29
573,30,29,29,30,29,30,30,30,30,29,30,29
574,29,30,29,29,30,29,30,30,30,29,30,29
575,30,29,29,30,29,30,29,30,30,29,30,30
576,29,30,29,29,30,29,30,29,30,29,30,30
577,29,30,29,30,29,30,29,30,29,30,29,30
578,29,30,29,30,30,29,30,30,29,29,30,29
579,30,29,29,30,30,30,30,29,30,29,29,30
580,29,29,30,29,30,30,30,29,30,30,29,29
581,30,29,29,30,29,30,30,30,29,30,30,29
582,29,30,29,29,30,29,30,30,29,30,30,29
583,30,29,30,29,29,30,29,30,29,30,30,29
584,30,30,29,30,29,30,29,30,29,29,30,29
585,30,30,29,30,30,29,30,29,30,29,29,30
586,29,30,29,30,30,30,29,30,29,29,30,29
587,30,29,30,29,30,30,29,30,30,29,29,30
588,29,30,29,29,30,30,29,30,30,29,30,29
589,30,29,30,29,29,30,30,29,30,30,29,30
590,29,30,29,30,29,30,29,29,30,29,30,30
591,30,29,30,29,30,29,30,29,29,30,29,30
592,30,29,30,30,29,30,29,30,29,29,29,30
593,30,29,30,30,30,29,30,29,30,29,29,29
594,30,30,29,30,30,29,30,30,29,29,30,29
595,30,29,30,29,30,29,30,30,29,30,29,30
596,29,30,29,30,29,30,29,30,29,30,29,30
597,30,29,30,29,30,29,29,30,29,30,29,30
598,30,30,29,30,29,30,29,29,30,29,29,30
599,30,30,30,29,30,29,30,29,29,29,30,29
600,30,30,30,30,29,30,29,30,29,29,29,30
601,30,29,30,30,29,30,30,29,30,29,29,30
602,29,30,29,30,29,30,30,29,30,29,30,29
603,30,30,29,29,30,29,30,29,30,30,29,30
604,30,29,30,29,29,30,29,30,29,30,29,30
605,30,30,29,30,29,29,30,29,29,30,29,30
606,30,30,29,30,29,30,29,30,29,29,30,29
607,30,30,29,30,30,29,30,29,30,29,29,30
608,29,30,29,30,30,29,30,30,29,30,29,29
609,30,29,30,29,30,29,30,30,30,29,30,29
610,30,29,29,30,29,29,30,30,30,30,29,30
611,29,30,29,29,30,29,29,30,30,30,29,30
612,30,29,30,29,29,29,30,29,30,30,29,30
613,30,29,30,29,30,29,29,30,29,30,29,30
614,30,29,30,30,29,30,29,30,29,30,29,29
615,30,29,30,30,29,30,29,30,30,29,30,29
616,29,30,29,30,29,30,29,30,30,30,29,30
617,29,29,30,29,29,30,29,30,30,30,30,29
618,30,29,29,30,29,29,30,29,30,30,30,30
619,29,30,29,29,29,30,29,30,30,29,30,30
620,29,30,30,29,29,30,29,30,29,30,29,30
621,29,30,30,29,30,29,30,29,30,29,30,29
622,29,30,30,29,30,29,30,30,30,29,29,29
623,30,29,30,29,30,30,29,30,30,29,30,29
624,30,29,29,30,29,30,29,30,30,30,29,30
625,29,30,29,29,30,29,30,29,30,30,29,30
626,30,29,30,29,29,30,29,30,29,30,29,30
627,30,29,30,30,29,29,30,29,30,29,30,29
628,30,29,30,30,30,29,29,30,29,30,29,29
629,30,29,30,30,30,29,30,30,29,29,30,29
630,29,30,29,30,30,30,29,30,30,29,29,29
631,30,29,30,29,30,30,29,30,30,29,30,29
632,29,30,29,30,29,30,29,30,30,29,30,29
633,30,29,30,29,30,29,30,29,30,29,30,29
634,30,30,29,30,30,29,29,30,29,29,30,29
635,30,30,30,29,30,30,29,29,30,29,29,30
636,29,30,30,30,29,30,30,29,29,30,29,29
637,29,30,30,30,29,30,30,29,30,29,30,29
638,29,30,29,30,30,29,30,30,29,30,29,29
639,30,29,30,29,30,29,30,30,29,30,29,30
640,29,30,30,29,30,29,29,30,29,30,30,29
641,30,29,30,30,29,30,29,29,30,29,30,29
642,30,30,30,29,30,29,30,29,29,30,29,29
643,30,30,30,29,30,30,29,30,29,29,30,29
644,29,30,30,29,30,30,29,30,30,29,29,30
645,29,29,30,30,29,30,29,30,30,30,29,29
646,30,29,30,29,29,30,29,30,30,30,29,30
647,29,30,29,30,29,29,30,29,30,30,29,30
648,30,29,30,29,30,29,29,30,29,30,29,30
649,30,30,29,30,29,30,29,29,30,29,30,29
650,30,30,29,30,30,29,29,30,29,30,29,30
651,29,30,29,30,30,29,30,29,30,29,30,29
652,30,29,30,29,30,29,30,29,30,30,29,30
653,29,30,29,29,30,29,30,29,30,30,30,29
654,30,29,30,29,29,30,29,29,30,30,30,30
655,29,30,29,30,29,29,29,30,29,30,30,30
656,29,30,30,29,30,29,29,29,30,30,29,30
657,29,30,30,30,29,29,30,29,30,29,30,29
658,30,29,30,30,29,30,29,30,29,30,29,30
659,29,30,29,30,29,30,29,30,30,30,29,30
660,29,29,30,29,29,30,29,30,30,30,30,29
661,30,29,29,30,29,29,30,29,30,30,30,29
662,30,29,30,29,30,29,29,30,29,30,30,29
663,30,30,29,30,29,30,29,29,30,29,30,29
664,30,30,29,30,30,29,30,29,29,30,29,30
665,29,30,29,30,30,30,29,30,29,30,29,29
666,30,29,29,30,30,30,29,30,30,29,30,29
667,29,30,29,29,30,30,29,30,30,30,29,30
668,29,29,30,29,29,30,30,29,30,30,29,30
669,29,30,29,30,29,30,29,29,30,30,29,30
670,30,29,30,29,30,29,30,29,29,30,29,30
671,29,30,30,29,30,30,29,30,29,29,30,29
672,30,29,30,29,30,30,30,29,30,29,29,30
673,29,29,30,29,30,30,30,30,29,30,29,29
674,30,29,29,30,29,30,30,30,29,30,30,29
675,29,29,30,29,30,30,29,30,29,30,30,29
676,30,29,29,30,30,29,30,29,30,29,30,29
677,30,29,30,30,29,30,29,30,29,29,30,29
678,30,30,29,30,30,29,30,29,30,29,29,30
679,29,30,29,30,30,30,29,30,29,30,29,29
680,30,29,29,30,30,30,30,29,30,29,30,29
681,29,29,30,30,29,30,30,29,30,30,29,30
682,29,29,30,29,30,29,30,29,30,30,30,29
683,30,29,29,30,29,30,29,30,29,30,30,29
684,30,29,30,30,29,29,30,29,29,30,30,29
685,30,30,29,30,30,29,29,30,29,29,30,29
686,30,30,29,30,30,29,30,29,30,29,29,30
687,29,30,29,30,30,30,29,30,29,29,30,29
688,30,29,30,29,30,30,29,30,29,30,30,29
689,30,29,29,30,29,30,29,30,29,30,30,30
690,29,30,29,29,30,29,29,30,29,30,30,30
691,30,29,30,29,29,30,29,29,30,29,30,30
692,30,29,30,30,29,29,30,29,29,30,29,30
693,30,29,30,30,29,30,29,30,29,29,30,29
694,30,29,30,30,29,30,30,29,29,30,29,30
695,29,30,29,30,30,29,30,29,30,29,30,30
696,29,29,30,29,30,29,30,29,30,30,29,30
697,30,29,30,29,29,30,29,29,30,30,30,29
698,30,30,29,30,29,29,30,29,29,30,30,29
699,30,30,30,29,30,29,29,30,29,29,30,30
700,29,30,30,29,30,30,29,29,30,29,29,30
701,30,29,30,29,30,30,29,30,29,30,29,30
702,29,29,30,29,30,30,30,29,30,29,30,29
703,30,29,29,30,29,30,30,29,30,30,29,30
704,29,30,29,29,30,29,30,29,30,30,29,30
705,30,29,30,29,29,30,29,30,29,30,29,30
706,30,30,29,29,30,29,30,29,30,29,30,29
707,30,30,29,30,29,30,29,30,29,30,29,30
708,29,30,29,30,29,30,30,30,29,29,30,29
709,29,30,29,30,29,30,30,30,29,30,29,30
710,29,29,30,29,29,30,30,30,30,29,30,29
711,30,29,29,29,30,29,30,30,30,29,30,30
712,29,30,29,29,30,29,30,29,30,29,30,30
713,29,30,29,30,29,30,29,30,29,30,29,30
714,29,30,29,30,30,29,30,29,30,29,30,29
715,30,29,29,30,30,30,30,29,29,30,29,30
716,29,29,30,29,30,30,30,30,29,29,30,29
717,30,29,29,29,30,30,30,30,29,30,29,30
718,29,30,29,29,30,29,30,30,29,30,30,29
719,30,29,30,29,29,30,29,30,29,30,30,29
720,30,30,29,30,29,30,29,29,30,29,30,29
721,30,30,29,30,30,29,30,29,29,30,29,30
722,29,30,30,29,30,30,29,30,29,29,30,29
723,30,29,30,29,30,30,29,30,30,29,29,30
724,29,30,29,29,30,30,29,30,30,29,30,29
725,30,29,30,29,29,30,30,29,30,29,30,30
726,29,30,29,30,29,29,30,29,30,29,30,30
727,30,29,30,29,30,29,29,30,29,30,29,30
728,29,30,30,30,29,30,29,29,30,29,29,30
729,29,30,30,30,30,29,30,29,29,30,29,29
730,30,29,30,30,30,29,30,30,29,29,29,30
731,29,30,29,30,30,29,30,30,29,30,29,30
732,29,30,29,29,30,30,29,30,29,30,29,30
733,30,29,30,29,30,29,29,30,29,30,29,30
734,30,30,29,30,29,30,29,29,30,29,29,30
735,30,30,30,29,30,29,30,29,29,29,30,29
736,30,30,30,30,29,30,29,30,29,29,29,30
737,30,29,30,30,29,30,30,29,30,29,29,30
738,29,30,29,30,29,30,30,29,30,29,30,29
739,30,29,30,29,29,30,30,29,30,30,29,30
740,30,29,29,30,29,29,30,30,29,30,29,30
741,30,30,29,29,30,29,29,30,29,30,29,30
742,30,30,29,30,29,30,29,29,30,29,30,29
743,30,30,29,30,30,29,30,29,30,29,29,30
744,29,30,29,30,30,29,30,30,29,30,29,29
745,30,29,30,29,30,29,30,30,30,29,30,29
746,29,30,29,29,30,29,30,30,30,30,29,30
747,29,29,30,29,29,30,29,30,30,30,29,30
748,30,29,29,30,29,29,30,29,30,30,29,30
749,30,29,30,29,30,29,29,30,29,30,29,30
750,30,29,30,29,30,29,30,29,30,29,30,29
751,30,29,30,30,29,30,29,30,30,29,29,30
752,29,30,29,30,29,30,29,30,30,30,29,30
753,29,29,30,29,29,30,30,29,30,30,30,29
754,30,29,29,29,30,29,30,30,29,30,30,30
755,29,30,29,29,29,30,29,30,30,29,30,30
756,29,30,30,29,29,29,30,30,29,30,29,30
757,29,30,30,29,30,29,30,29,30,29,29,30
758,29,30,30,29,30,30,29,30,29,30,29,29
759,30,29,30,29,30,30,29,30,30,29,30,29
760,29,30,29,30,29,30,30,29,30,30,29,30
761,29,29,30,29,30,29,30,29,30,30,29,30
762,29,30,30,29,29,30,29,30,29,30,29,30
763,30,29,30,30,29,29,30,29,30,29,30,29
764,30,29,30,30,30,29,29,30,29,30,29,29
765,30,29,30,30,30,29,30,29,30,29,29,30
766,29,29,30,30,30,30,29,30,29,30,29,29
767,30,29,30,29,30,30,29,30,30,29,30,29
768,29,30,29,30,29,30,29,30,30,29,30,29
769,30,29,30,29,30,29,30,29,30,29,30,29
770,30,30,29,30,29,30,29,30,29,29,30,29
771,30,30,30,29,30,29,30,29,30,29,29,30
772,29,30,30,30,29,30,29,30,29,30,29,29
773,29,30,30,30,29,30,30,29,30,29,29,30
774,29,30,29,30,30,29,30,30,29,30,29,29
775,30,29,30,29,30,29,30,30,29,30,30,29
776,29,30,30,29,29,30,29,30,29,30,30,29
777,30,30,29,30,29,29,30,29,30,29,30,29
778,30,30,30,29,30,29,29,30,29,30,29,29
779,30,30,30,29,30,30,29,29,30,29,30,29
780,29,30,30,29,30,30,29,30,29,30,29,30
781,29,29,30,29,30,30,29,30,30,29,30,29
782,30,29,29,30,29,30,29,30,30,30,29,30
783,29,30,29,30,29,29,29,30,30,30,29,30
784,30,29,30,29,29,30,29,29,30,30,29,30
785,30,30,29,30,29,29,30,29,29,30,30,29
786,30,30,29,30,30,29,29,30,29,29,30,30
787,29,30,29,30,30,29,30,29,30,29,30,29
788,30,29,29,30,30,29,30,29,30,30,29,30
789,29,30,29,29,30,29,30,29,30,30,30,29
790,30,29,30,29,29,29,30,29,30,30,30,30
791,29,30,29,30,29,29,29,30,29,30,30,30
792,29,30,30,29,30,29,29,29,30,30,29,30
793,29,30,30,30,29,29,30,29,30,29,30,29
794,30,29,30,30,29,30,29,30,29,30,29,30
795,29,29,30,30,29,30,29,30,30,30,29,29
796,30,29,29,30,29,30,29,30,30,30,29,30
797,29,30,29,30,29,29,30,29,30,30,30,29
798,30,29,30,29,30,29,29,30,29,30,30,29
799,30,30,29,30,29,30,29,29,30,29,30,29
800,30,30,29,30,30,29,30,29,29,30,29,30
801,29,30,29,30,30,30,29,30,29,29,30,29
802,30,29,29,30,30,30,29,30,30,29,30,29
803,29,29,30,29,30,30,29,30,30,30,29,29
804,30,29,29,30,29,30,30,29,30,30,29,30
805,29,30,29,29,30,29,30,29,30,30,29,30
806,29,30,29,30,30,29,29,30,29,30,29,30
807,29,30,30,29,30,30,29,30,29,29,30,29
808,29,30,30,29,30,30,30,29,30,29,29,29
809,30,29,30,29,30,30,30,30,29,30,29,29
810,29,30,29,30,29,30,30,30,29,30,30,29
811,29,29,30,29,30,30,29,30,29,30,30,29
812,30,29,29,30,29,30,29,30,30,29,30,30
813,29,29,30,30,29,30,29,29,30,29,30,30
814,29,30,29,30,30,29,30,29,29,30,29,30
815,29,30,29,30,30,30,29,30,29,29,30,29
816,30,29,30,29,30,30,30,29,30,29,30,29
817,29,29,30,30,29,30,30,29,30,30,29,30
818,29,29,30,29,30,29,30,29,30,30,29,30
819,30,29,29,30,29,30,29,29,30,30,29,30
820,30,29,30,29,30,29,30,29,29,30,29,30
821,30,30,29,30,29,30,29,29,30,29,30,29
822,30,30,29,30,30,29,30,29,29,30,29,30
823,29,30,29,30,30,30,29,30,29,29,30,29
824,30,29,30,29,30,30,29,30,29,30,29,30
825,29,30,29,30,29,30,29,30,29,30,30,29
826,30,29,30,29,30,29,29,30,29,30,30,30
827,29,30,30,29,29,30,29,29,29,30,30,30
828,30,29,30,29,30,29,29,30,29,29,30,30
829,30,29,30,30,29,30,29,29,30,29,30,29
830,30,29,30,30,30,29,30,29,29,30,29,30
831,29,30,29,30,30,29,30,29,30,29,30,30
832,29,29,30,29,30,29,30,29,30,30,30,29
833,30,29,29,30,29,30,29,29,30,30,30,29
834,30,30,29,29,30,29,30,29,29,30,30,30
835,29,30,29,30,29,30,29,29,30,29,30,30
836,29,30,30,29,30,29,30,29,29,30,29,30
837,29,30,30,29,30,30,29,30,29,30,29,30
838,29,29,30,29,30,30,30,29,30,29,30,29
839,30,29,29,30,29,30,30,29,30,30,29,30
840,29,30,29,29,29,30,30,29,30,30,29,30
841,30,29,29,30,29,29,30,30,29,30,29,30
842,30,30,29,29,30,29,30,29,30,29,30,29
843,30,30,29,30,29,30,29,30,29,30,29,29
844,30,29,30,30,29,30,30,29,30,29,30,29
845,29,30,29,30,29,30,30,30,29,30,29,30
846,29,29,29,30,29,30,30,30,30,29,30,29
847,30,29,29,29,30,29,30,30,30,29,30,30
848,29,29,30,29,29,30,29,30,30,29,30,30
849,29,30,29,30,29,30,29,30,29,30,29,30
850,29,30,30,29,30,29,30,29,30,29,29,30
851,30,29,30,29,30,30,30,29,29,30,29,29
852,30,29,30,29,30,30,30,29,30,29,30,29
853,30,29,29,29,30,30,30,30,29,30,29,30
854,29,30,29,29,30,29,30,30,29,30,30,29
855,30,29,29,30,29,30,29,30,29,30,30,29
856,30,30,29,29,30,29,30,29,30,29,30,29
857,30,30,30,29,30,29,30,29,29,29,30,29
858,30,30,30,29,30,30,29,30,29,29,29,30
859,29,30,30,29,30,30,29,30,29,30,29,29
860,30,29,30,29,30,30,30,29,30,29,30,29
861,30,29,29,30,29,30,30,29,30,29,30,29
862,30,30,29,29,30,29,30,29,30,29,30,30
863,29,30,30,29,30,29,29,30,29,29,30,30
864,29,30,30,30,29,30,29,29,29,30,29,30
865,29,30,30,30,30,29,30,29,29,29,30,29
866,30,29,30,30,30,29,30,29,30,29,29,30
867,29,30,29,30,30,29,30,30,29,30,29,29
868,30,29,30,29,30,29,30,30,29,30,29,30
869,30,29,30,29,29,30,29,30,29,30,29,30
870,30,30,29,30,29,29,30,29,30,29,30,29
871,30,30,30,29,30,29,29,30,29,29,30,29
872,30,30,30,30,29,30,29,30,29,29,29,30
873,30,29,30,30,29,30,30,29,30,29,29,29
874,30,30,29,30,29,30,30,29,30,29,30,29
875,30,29,30,29,29,30,30,29,30,30,29,30
876,29,30,29,30,29,29,30,29,30,30,30,29
877,30,29,30,29,29,30,29,30,29,30,30,29
878,30,30,29,30,29,29,30,29,30,29,30,29
879,30,30,29,30,30,29,29,30,29,30,29,30
880,29,30,29,30,30,29,30,29,30,29,30,29
881,30,29,30,29,30,29,30,30,29,30,30,29
882,29,30,29,29,30,29,30,30,30,29,30,30
883,29,29,30,29,29,29,30,30,30,30,29,30
884,29,30,29,29,30,29,29,30,30,30,29,30
885,30,29,30,29,29,30,29,30,29,30,29,30
886,30,29,30,29,30,29,30,29,30,29,30,29
887,30,29,30,30,29,30,29,30,30,29,29,30
888,29,30,29,30,29,30,30,29,30,30,29,29
889,30,29,30,29,29,30,30,30,29,30,30,29
890,29,30,29,29,30,29,30,30,29,30,30,29
891,30,29,30,29,29,30,29,30,30,29,30,30
892,29,30,29,30,29,29,30,29,30,29,30,30
893,29,30,30,29,30,29,30,29,30,29,29,30
894,29,30,30,29,30,30,29,30,29,30,29,29
895,30,29,30,30,29,30,30,29,30,29,30,29
896,29,30,29,30,29,30,30,29,30,30,29,29
897,30,29,30,29,30,29,30,29,30,30,29,30
898,29,30,29,30,29,29,30,30,29,30,29,30
899,30,29,30,29,30,29,30,29,29,30,29,30
900,30,29,30,30,29,30,29,30,29,29,30,29
901,30,29,30,30,30,29,30,29,30,29,29,29
902,30,29,30,30,30,30,29,30,29,30,29,29
903,29,30,29,30,30,30,29,30,30,29,29,30
904,29,29,30,30,29,30,29,30,30,29,30,29
905,30,29,30,29,30,29,30,29,30,29,30,29
906,30,30,29,30,29,30,29,29,30,29,30,29
907,30,30,30,29,30,29,30,29,29,30,29,29
908,30,30,30,30,29,30,29,30,29,29,30,29
909,29,30,30,30,30,29,30,29,30,29,29,30
910,29,30,29,30,30,29,30,30,29,30,29,29
911,30,29,30,29,30,29,30,30,29,30,30,29
912,29,30,29,30,29,30,29,30,29,30,30,29
913,30,30,29,30,29,29,29,30,30,29,30,29
914,30,30,30,29,30,29,29,29,30,29,30,29
915,30,30,30,29,30,29,30,29,30,29,29,30
916,29,30,30,29,30,30,29,30,29,30,29,29
917,30,29,30,29,30,30,29,30,30,29,30,29
918,29,30,29,30,29,30,29,30,30,29,30,30
919,29,30,29,29,30,29,29,30,30,29,30,30
920,30,29,30,29,29,29,30,29,30,29,30,30
921,30,30,29,30,29,29,29,30,29,30,29,30
922,30,30,29,30,29,30,29,29,30,29,30,29
923,30,30,29,30,30,29,29,30,29,30,29,30
924,29,30,29,30,30,29,30,29,30,30,29,30
925,29,29,30,29,30,29,30,29,30,30,30,29
926,30,29,29,30,29,29,30,29,30,30,30,30
927,29,30,29,29,30,29,29,30,29,30,30,30
928,29,30,30,29,29,30,29,29,30,30,29,30
929,29,30,30,30,29,29,30,29,30,29,30,29
930,30,29,30,30,29,30,29,30,29,30,29,30
931,29,29,30,30,29,30,30,29,30,29,30,29
932,30,29,29,30,29,30,30,29,30,30,29,30
933,29,29,30,29,30,29,30,29,30,30,30,29
934,30,29,29,30,29,30,29,30,29,30,30,29
935,30,30,29,30,29,29,30,29,30,29,30,29
936,30,30,29,30,30,29,29,30,29,30,29,30
937,29,30,29,30,30,30,29,30,29,29,30,29
938,29,30,29,30,30,30,29,30,30,29,29,30
939,29,29,29,30,30,30,29,30,30,29,30,29
940,29,30,29,29,30,30,29,30,30,30,29,30
941,29,29,30,29,30,29,30,29,30,30,29,30
942,29,30,29,30,29,30,29,30,29,30,29,30
943,29,30,30,29,30,30,29,29,30,29,30,29
944,29,30,30,30,29,30,30,29,29,30,29,29
945,30,29,30,30,30,29,30,30,29,29,30,29
946,29,30,29,30,30,29,30,30,29,30,29,30
947,29,29,30,29,30,29,30,30,29,30,30,29
948,30,29,29,30,29,30,29,30,29,30,30,30
949,29,30,29,30,29,30,29,29,30,29,30,30
950,29,30,29,30,30,29,30,29,29,30,29,30
951,29,30,30,30,29,30,29,30,29,29,30,29
952,30,29,30,30,29,30,30,29,29,30,29,30
953,29,29,30,30,29,30,30,29,30,29,30,29
954,30,29,29,30,30,29,30,29,30,30,29,30
955,29,30,29,30,29,29,30,29,30,30,29,30
956,30,29,30,29,30,29,29,30,29,30,29,30
957,30,30,29,30,29,30,29,29,29,30,29,30
958,30,30,29,30,30,29,30,29,29,29,30,29
959,30,30,29,30,30,30,29,29,30,29,30,29
960,30,29,30,29,30,30,29,30,29,30,29,30
961,29,30,29,30,29,30,29,30,29,30,30,29
962,30,29,30,29,29,30,29,30,29,30,30,30
963,29,30,29,30,29,29,30,29,29,30,30,30
964,30,29,30,29,30,29,29,30,29,29,30,30
965,30,29,30,30,29,30,29,29,30,29,30,29
966,30,29,30,30,30,29,30,29,29,30,29,30
967,29,30,29,30,30,29,30,29,30,29,30,30
968,29,29,30,29,30,29,30,29,30,30,30,29
969,30,29,29,30,29,30,29,30,29,30,30,29
970,30,30,29,29,30,29,29,30,29,30,30,30
971,29,30,29,30,29,30,29,29,30,29,30,30
972,29,30,30,29,30,29,30,29,29,30,29,30
973,29,30,30,29,30,30,29,30,29,29,30,29
974,30,29,30,29,30,30,30,29,30,29,30,29
975,29,30,29,29,30,30,30,29,30,30,29,30
976,29,29,30,29,29,30,30,29,30,30,29,30
977,30,29,29,29,30,29,30,29,30,30,30,29
978,30,29,30,29,29,30,29,30,29,30,30,29
979,30,29,30,29,30,30,29,30,29,29,30,29
980,30,29,30,30,29,30,30,29,30,29,29,30
981,29,30,29,30,29,30,30,30,29,30,29,29
982,30,29,29,30,29,30,30,30,30,29,30,29
983,29,30,29,29,30,29,30,30,30,29,30,30
984,29,29,30,29,29,30,29,30,30,29,30,30
985,29,30,29,30,29,30,29,30,29,29,30,30
986,30,29,30,29,30,29,30,29,30,29,29,30
987,30,29,30,29,30,30,29,30,29,29,30,29
988,30,29,30,29,30,30,30,29,30,29,30,29
989,29,30,29,30,29,30,30,30,29,30,29,30
990,29,29,30,29,30,29,30,30,29,30,29,30
991,30,29,29,30,29,30,29,30,29,30,30,29
992,30,30,29,29,30,29,30,29,30,29,30,29
993,30,30,30,29,29,30,29,30,29,29,30,29
994,30,30,30,29,30,30,29,29,30,29,29,30
995,29,30,30,29,30,30,29,30,29,30,29,29
996,30,29,30,29,30,30,30,29,30,29,29,30
997,29,30,29,30,29,30,30,29,30,29,30,29
998,30,29,30,29,30,29,30,29,30,29,30,30
999,29,30,30,29,29,30,29,29,30,29,30,30
1000,29,30,30,30,29,29,30,29,29,30,29,30
1001,29,30,30,30,30,29,29,30,29,29,29,30
1002,30,29,30,30,30,29,30,29,30,29,29,30
1003,29,30,29,30,30,29,30,30,29,29,30,29
1004,30,29,30,29,30,29,30,30,29,30,29,30
1005,30,29,30,29,29,30,29,30,29,30,30,29
1006,30,30,29,30,29,29,30,29,30,29,30,29
1007,30,30,30,29,30,29,29,30,29,29,30,30
1008,29,30,30,30,29,29,30,29,30,29,29,30
1009,30,29,30,30,29,30,29,30,29,30,29,29
1010,30,29,30,30,29,30,30,29,30,29,30,29
1011,30,29,29,30,29,30,30,29,30,30,29,30
1012,29,30,29,29,30,29,30,29,30,30,30,29
1013,30,29,30,29,29,29,30,30,29,30,30,29
1014,30,30,29,30,29,29,30,29,30,29,30,29
1015,30,30,30,29,29,30,29,30,29,30,29,30
1016,29,30,29,30,30,29,30,29,30,29,30,29
1017,29,30,29,30,30,29,30,30,29,30,29,30
1018,29,29,30,29,30,29,30,30,30,29,30,29
1019,30,29,29,30,29,29,30,30,30,30,29,30
1020,29,30,29,29,29,30,29,30,30,30,29,30
1021,30,29,30,29,29,29,30,29,30,30,29,30
1022,30,29,30,29,30,29,30,29,30,29,30,29
1023,30,29,30,30,29,30,29,30,29,30,29,30
1024,29,30,29,30,29,30,30,30,29,30,29,29
1025,30,29,29,30,29,30,30,30,29,30,29,30
1026,29,30,29,29,30,29,30,30,29,30,30,29
1027,30,29,30,29,29,30,29,30,29,30,30,30
1028,29,30,29,30,29,29,30,29,30,29,30,30
1029,29,30,30,29,30,29,29,30,29,30,29,30
1030,29,30,30,30,29,30,29,30,29,29,30,29
1031,29,30,30,30,29,30,30,29,30,29,29,30
1032,29,29,30,30,29,30,30,29,30,30,29,29
1033,29,30,29,30,29,30,30,29,30,30,29,30
1034,29,30,29,30,29,29,30,29,30,30,29,30
1035,29,30,30,29,30,29,29,30,29,30,29,30
1036,29,30,30,30,29,30,29,29,30,29,29,30
1037,29,30,30,30,30,29,30,29,29,30,29,29
1038,30,29,30,30,30,30,29,30,29,29,30,29
1039,29,30,29,30,30,30,29,30,30,29,29,30
1040,29,29,30,29,30,30,29,30,30,29,30,29
1041,29,30,30,29,29,30,29,30,30,29,30,29
1042,30,30,29,30,29,29,30,29,30,29,30,29
1043,30,30,30,29,30,29,30,29,29,30,29,30
1044,29,30,30,30,29,30,29,30,29,29,30,29
1045,29,30,30,30,29,30,30,29,30,29,29,30
1046,29,29,30,30,29,30,30,30,29,30,29,29
1047,30,29,30,29,30,29,30,30,29,30,30,29
1048,29,30,29,30,29,30,29,30,29,30,30,29
1049,30,29,30,29,30,29,29,30,29,30,30,30
1050,29,30,30,29,29,30,29,29,30,29,30,30
1051,29,30,30,29,30,29,30,29,29,30,29,30
1052,29,30,30,29,30,30,29,29,30,29,30,29
1053,30,29,30,29,30,30,29,30,29,30,30,29
1054,29,30,29,30,29,30,29,30,30,29,30,30
1055,29,29,30,29,29,30,29,30,30,29,30,30
1056,30,29,29,30,29,29,30,29,30,29,30,30
1057,30,29,30,29,30,29,29,29,30,30,29,30
1058,30,30,29,30,29,30,29,29,30,29,30,29
1059,30,30,29,30,30,29,29,30,29,30,29,30
1060,29,30,29,30,30,29,30,29,30,30,29,29
1061,30,29,30,29,30,29,30,29,30,30,30,29
1062,30,29,29,30,29,29,30,29,30,30,30,30
1063,29,30,29,29,30,29,29,30,29,30,30,30
1064,29,30,30,29,29,30,29,29,30,30,29,30
1065,30,29,30,30,29,29,30,29,29,30,29,30
1066,30,29,30,30,29,30,29,30,29,30,29,29
1067,30,29,30,30,29,30,30,29,30,29,30,29
1068,29,30,29,30,29,30,30,29,30,30,29,30
1069,29,29,30,29,30,29,30,29,30,30,30,29
1070,30,29,29,30,29,30,29,30,29,30,30,29
1071,30,29,30,29,30,29,30,29,30,29,30,29
1072,30,30,29,30,29,30,29,30,29,29,30,29
1073,30,30,29,30,30,29,30,29,30,29,29,30
1074,29,30,29,30,30,30,29,30,29,30,29,29
1075,30,29,29,30,30,30,29,30,30,29,30,29
1076,29,30,29,29,30,30,29,30,30,30,29,30
1077,29,29,30,29,30,29,30,29,30,30,29,30
1078,29,30,29,30,29,30,29,30,29,30,29,30
1079,29,30,30,29,30,29,30,29,30,29,29,30
1080,29,30,30,30,29,30,29,30,29,30,29,29
1081,30,29,30,30,30,29,30,29,30,29,30,29
1082,29,29,30,30,30,29,30,30,29,30,29,30
1083,29,29,30,29,30,29,30,30,29,30,30,29
1084,30,29,29,30,29,30,29,30,29,30,30,30
1085,29,30,29,30,29,29,30,29,30,29,30,30
1086,29,30,30,29,30,29,29,30,29,29,30,30
1087,29,30,30,30,29,30,29,29,30,29,29,30
1088,30,29,30,30,29,30,30,29,29,30,29,30
1089,29,29,30,30,29,30,30,29,30,29,30,29
1090,30,29,29,30,30,29,30,29,30,29,30,30
1091,29,30,29,29,30,29,30,29,30,29,30,30
1092,30,29,30,29,29,30,29,29,30,29,30,30
1093,30,30,29,30,29,29,30,29,29,30,29,30
1094,30,30,29,30,30,29,29,30,29,29,30,29
1095,30,30,29,30,30,29,30,29,30,29,29,30
1096,29,30,30,29,30,30,29,30,29,29,30,30
1097,29,29,30,29,30,30,29,30,29,30,30,29
1098,30,29,30,29,29,30,29,30,29,30,30,30
1099,29,30,29,30,29,29,30,29,29,30,30,30
1100,30,29,30,29,30,29,29,29,30,29,30,30
1101,30,29,30,30,29,30,29,29,29,30,29,30
1102,30,29,30,30,30,29,30,29,29,30,29,30
1103,29,30,29,30,30,29,30,29,30,29,30,29
1104,30,29,29,30,30,29,30,30,29,30,30,29
1105,29,30,29,29,30,29,30,30,29,30,30,29
1106,30,29,30,29,29,30,29,30,29,30,30,30
1107,29,30,29,30,29,29,30,29,30,29,30,30
1108,29,30,30,29,30,29,30,29,29,30,29,30
1109,29,30,30,29,30,30,29,30,29,29,30,29
1110,30,29,30,29,30,30,29,30,30,29,29,30
1111,29,29,30,29,30,30,29,30,30,30,29,29
1112,30,29,29,30,29,30,29,30,30,30,29,30
1113,29,30,29,29,30,29,30,29,30,30,30,29
1114,30,29,30,29,29,30,29,30,29,30,30,29
1115,30,29,30,29,30,29,30,29,30,29,30,29
1116,30,29,30,30,29,30,30,29,29,30,29,30
1117,29,29,30,30,29,30,30,30,29,30,29,29
1118,30,29,29,30,29,30,30,30,30,29,30,29
1119,29,30,29,29,30,29,30,30,30,29,30,30
1120,29,29,29,30,29,30,29,30,30,29,30,30
1121,29,30,29,29,30,29,30,29,30,29,30,30
1122,30,29,30,29,30,29,30,29,29,30,29,30
1123,30,29,30,29,30,30,29,30,29,29,30,29
1124,30,29,30,30,29,30,30,29,30,29,29,30
1125,29,30,29,30,29,30,30,30,29,30,29,29
1126,30,29,30,29,30,29,30,30,29,30,29,30
1127,29,30,29,30,29,30,29,30,29,30,29,30
1128,30,30,29,29,30,29,30,29,29,30,29,30
1129,30,30,29,30,29,30,29,30,29,29,30,29
1130,30,30,30,29,30,29,30,29,29,30,29,29
1131,30,30,30,29,30,30,29,30,29,29,30,29
1132,29,30,30,29,30,30,30,29,30,29,29,30
1133,29,30,29,30,29,30,29,30,30,29,30,29
1134,30,29,30,29,30,29,30,29,30,29,30,30
1135,29,30,29,30,29,30,29,29,30,29,30,30
1136,30,29,30,29,30,29,30,29,29,29,30,30
1137,30,29,30,30,29,30,29,30,29,29,29,30
1138,30,30,29,30,30,29,30,29,30,29,29,30
1139,29,30,29,30,30,29,30,30,29,29,30,29
1140,30,29,30,29,30,29,30,30,29,30,29,30
1141,30,29,29,30,29,30,29,30,30,29,30,29
1142,30,30,29,29,30,29,30,29,30,29,30,30
1143,29,30,30,29,29,30,29,30,29,29,30,30
1144,29,30,30,29,30,29,30,29,30,29,29,30
1145,30,29,30,30,29,30,29,30,29,30,29,29
1146,30,29,30,30,29,30,30,29,30,29,30,29
1147,29,30,29,30,29,30,29,30,30,30,29,30
1148,29,30,29,29,29,30,29,30,30,30,30,29
1149,30,29,30,29,29,29,30,29,30,30,30,29
1150,30,30,29,29,30,29,29,30,29,30,30,29
1151,30,30,29,30,29,30,29,29,30,29,30,30
1152,29,30,29,30,29,30,30,29,30,29,30,29
1153,29,30,29,30,30,29,30,30,29,30,29,30
1154,29,29,30,29,30,29,30,30,30,29,30,29
1155,30,29,29,29,30,29,30,30,30,30,29,30
1156,29,30,29,29,29,30,29,30,30,30,29,30
1157,30,29,30,29,29,29,30,29,30,30,29,30
1158,30,29,30,29,30,29,30,29,30,29,30,29
1159,30,29,30,30,29,30,29,30,29,30,29,29
1160,30,30,29,30,29,30,30,30,29,29,30,29
1161,29,30,29,30,29,30,30,30,29,30,29,30
1162,29,29,30,29,30,29,30,30,29,30,30,29
1163,30,29,30,29,29,30,29,30,29,30,30,29
1164,30,30,29,30,29,29,30,29,30,29,30,29
1165,30,30,30,29,30,29,29,30,29,30,29,30
1166,29,30,30,29,30,30,29,29,30,29,30,29
1167,29,30,30,30,29,30,30,29,30,29,29,29
1168,30,29,30,30,29,30,30,29,30,29,30,29
1169,29,30,29,30,29,30,30,29,30,30,29,30
1170,29,29,30,29,30,29,30,29,30,30,29,30
1171,29,30,29,30,29,30,29,30,29,30,29,30
1172,29,30,30,30,29,30,29,29,30,29,29,30
1173,29,30,30,30,30,29,30,29,29,30,29,29
1174,30,29,30,30,30,30,29,30,29,29,29,30
1175,29,30,29,30,30,30,29,30,30,29,29,29
1176,30,29,30,29,30,30,29,30,30,29,30,29
1177,29,30,29,30,29,30,29,30,30,29,30,29
1178,30,30,29,30,29,29,30,29,30,29,30,30
1179,29,30,30,29,30,29,29,30,29,30,29,30
1180,29,30,30,30,29,30,29,29,30,29,30,29
1181,29,30,30,30,29,30,30,29,30,29,29,30
1182,29,29,30,30,29,30,30,29,30,30,29,29
1183,30,29,30,29,30,29,30,29,30,30,30,29
1184,29,30,29,30,29,29,30,29,30,30,30,29
1185,30,29,30,29,30,29,29,30,29,30,30,30
1186,29,30,29,30,29,29,30,29,29,30,30,30
1187,29,30,30,29,30,29,29,30,29,30,29,30
1188,29,30,30,29,30,30,29,29,30,29,30,29
1189,30,29,30,29,30,30,29,30,29,30,29,30
1190,29,30,29,30,29,30,29,30,29,30,30,29
1191,30,29,30,29,29,30,29,30,30,29,30,30
1192,29,30,29,30,29,29,29,30,30,29,30,30
1193,30,29,30,29,30,29,29,29,30,30,29,30
1194,30,30,29,30,29,29,30,29,30,29,30,29
1195,30,30,29,30,30,29,29,30,29,30,29,30
1196,29,30,29,30,30,29,30,29,30,30,29,29
1197,30,29,30,29,30,29,30,30,29,30,30,29
1198,29,30,29,30,29,29,30,30,30,29,30,30
1199,29,29,30,29,30,29,29,30,30,29,30,30
1200,29,30,29,30,29,30,29,29,30,29,30,30
1201,30,29,30,29,30,29,30,29,29,30,29,30
1202,30,29,30,30,29,30,29,30,29,30,29,29
1203,30,29,30,30,29,30,30,29,30,29,30,29
1204,29,29,30,30,29,30,30,30,29,30,29,30
1205,29,29,29,30,30,29,30,30,29,30,30,29
1206,29,30,29,29,30,29,30,30,29,30,30,29
1207,30,29,30,29,30,29,30,29,29,30,30,29
1208,30,29,30,30,29,30,29,30,29,29,30,29
1209,30,29,30,30,30,29,30,29,30,29,29,30
1210,29,29,30,30,30,30,29,30,29,30,29,29
1211,29,30,29,30,30,30,29,30,30,29,30,29
1212,29,29,30,29,30,30,29,30,30,30,29,29
1213,30,29,29,30,29,30,30,29,30,30,29,30
1214,29,30,29,30,29,30,29,29,30,30,29,30
1215,29,30,30,29,30,29,30,29,29,30,29,30
1216,29,30,30,30,29,30,29,30,29,29,30,29
1217,30,29,30,30,30,29,30,29,30,29,30,29
1218,29,29,30,30,30,29,30,30,29,30,29,30
1219,29,29,29,30,30,29,30,30,29,30,30,29
1220,30,29,29,30,29,30,29,30,29,30,30,30
1221,29,30,29,29,30,29,30,29,29,30,30,30
1222,29,30,30,29,30,29,29,29,30,29,30,30
1223,29,30,30,30,29,30,29,29,29,30,29,30
1224,30,29,30,30,29,30,29,30,29,29,30,29
1225,30,29,30,30,29,30,30,29,30,29,29,30
1226,29,30,29,30,29,30,30,29,30,29,30,30
1227,29,30,29,29,30,29,30,29,30,29,30,30
1228,30,29,30,29,29,30,29,29,30,29,30,30
1229,30,30,29,30,29,29,30,29,29,30,29,30
1230,30,30,29,30,30,29,29,29,30,29,30,29
1231,30,30,29,30,30,29,30,29,29,30,29,30
1232,29,30,30,29,30,30,29,30,29,29,30,29
1233,30,29,30,29,30,30,29,30,29,30,30,29
1234,30,29,29,30,29,30,29,30,29,30,30,30
1235,29,30,29,29,30,29,30,29,29,30,30,30
1236,30,29,30,29,29,30,29,29,30,29,30,30
1237,30,29,30,30,29,30,29,29,29,30,29,30
1238,30,29,30,30,29,30,30,29,29,30,29,30
1239,29,30,29,30,29,30,30,29,30,29,30,29
1240,30,29,29,30,29,30,30,30,29,30,29,30
1241,29,30,29,29,30,29,30,30,29,30,30,29
1242,30,29,29,30,29,30,29,30,29,30,30,30
1243,29,30,29,29,30,29,30,29,30,29,30,30
1244,29,30,29,30,29,30,29,30,29,30,29,30
1245,29,30,30,29,30,29,30,29,30,29,30,29
1246,30,29,29,30,30,30,29,30,30,29,29,30
1247,29,29,30,29,30,30,29,30,30,29,30,29
1248,30,29,29,29,30,30,29,30,30,30,29,30
1249,29,30,29,29,29,30,30,29,30,30,30,29
1250,30,29,29,30,29,30,29,30,29,30,30,29
1251,30,29,30,29,30,29,30,29,30,29,30,29
1252,30,29,30,30,29,30,30,29,29,30,29,30
1253,29,30,29,30,29,30,30,30,29,29,30,29
1254,30,29,29,30,29,30,30,30,30,29,29,30
1255,29,29,30,29,30,30,29,30,30,29,30,29
1256,30,29,29,30,29,30,29,30,30,29,30,30
1257,29,30,29,29,30,29,30,29,30,29,30,30
1258,30,29,30,29,30,29,30,29,29,30,29,30
1259,30,29,30,30,29,30,29,30,29,29,29,30
1260,30,29,30,30,29,30,30,29,30,29,29,29
1261,30,30,29,30,29,30,30,30,29,29,30,29
1262,30,29,30,29,30,29,30,30,29,30,29,30
1263,29,30,29,29,30,29,30,30,29,30,29,30
1264,30,29,30,29,30,29,29,30,29,30,29,30
1265,30,30,29,30,29,30,29,29,30,29,29,30
1266,30,30,30,29,30,29,30,29,29,29,30,29
1267,30,30,30,29,30,30,29,30,29,29,29,30
1268,29,30,30,29,30,30,29,30,29,30,29,29
1269,30,29,30,30,29,30,30,29,30,29,30,29
1270,30,29,30,29,29,30,30,29,30,29,30,30
1271,29,30,29,30,29,29,30,29,30,29,30,30
1272,30,29,30,29,30,29,29,30,29,29,30,30
1273,30,30,29,30,29,30,29,30,29,29,29,30
1274,30,30,29,30,30,29,30,29,29,30,29,29
1275,30,30,29,30,30,29,30,30,29,29,30,29
1276,30,29,30,29,30,29,30,30,30,29,29,30
1277,29,30,29,30,29,29,30,30,30,29,30,29
1278,30,30,29,29,29,30,29,30,30,29,30,30
1279,30,29,29,30,29,29,30,29,30,29,30,30
1280,30,29,30,29,30,29,29,30,29,30,29,30
1281,30,29,30,30,29,30,29,30,29,29,30,29
1282,30,29,30,30,29,30,29,30,30,29,30,29
1283,29,30,29,30,29,30,29,30,30,30,29,30
1284,29,29,30,29,29,30,29,30,30,30,30,29
1285,30,29,29,30,29,29,30,29,30,30,30,29
1286,30,30,29,29,29,30,29,30,29,30,30,29
1287,30,30,29,30,29,29,30,29,30,29,30,29
1288,30,30,29,30,29,30,29,30,29,30,29,30
1289,29,30,29,30,30,29,30,30,29,30,29,29
1290,30,29,30,29,30,29,30,30,30,29,30,29
1291,29,30,29,29,30,29,30,30,30,30,29,30
1292,29,30,29,29,29,30,29,30,30,30,29,30
1293,30,29,30,29,29,29,30,29,30,30,29,30
1294,30,29,30,29,30,29,30,29,30,29,29,30
1295,30,29,30,30,29,30,29,30,29,30,29,29
1296,30,29,30,30,29,30,30,29,30,29,30,29
1297,29,30,29,30,30,29,30,30,29,30,29,29
1298,30,29,30,29,30,29,30,30,29,30,30,29
1299,29,30,29,30,29,30,29,30,30,29,30,29
1300,30,29,30,29,30,29,30,29,30,29,30,29
1301,30,30,29,30,29,30,29,30,29,30,29,29
1302,30,30,30,29,30,30,29,29,30,29,29,30
1303,29,30,30,29,30,30,29,30,29,30,29,29
1304,29,30,30,29,30,30,30,29,30,29,30,29
1305,29,29,30,30,29,30,30,29,30,30,29,29
1306,30,29,30,29,30,29,30,29,30,30,29,30
1307,29,30,29,30,29,30,29,30,29,30,29,30
1308,29,30,30,29,30,29,30,29,30,29,29,30
1309,29,30,30,30,30,29,29,30,29,29,30,29
1310,30,29,30,30,30,29,30,29,30,29,29,30
1311,29,30,29,30,30,30,29,30,29,30,29,29
1312,30,29,30,29,30,30,29,30,30,29,30,29
1313,29,30,29,30,29,30,29,30,30,30,29,29
1314,30,30,29,30,29,29,30,29,30,30,29,30
1315,29,30,30,29,30,29,29,30,29,30,29,30
1316,29,30,30,30,29,30,29,29,30,29,30,29
1317,30,29,30,30,29,30,29,30,29,30,29,29
1318,30,29,30,30,29,30,30,29,30,29,30,29
1319,29,30,29,30,30,29,30,29,30,30,29,30
1320,29,30,29,29,30,29,30,29,30,30,30,29
1321,30,29,30,29,29,30,29,29,30,30,30,30
1322,29,30,29,30,29,29,29,30,29,30,30,30
1323,29,30,30,29,30,29,29,29,30,29,30,30
1324,29,30,30,29,30,29,30,29,29,30,29,30
1325,30,29,30,29,30,30,29,30,29,30,29,30
1326,29,29,30,29,30,30,29,30,29,30,30,29
1327,30,29,29,30,29,30,29,30,30,29,30,30
1328,29,30,29,29,30,29,29,30,30,30,29,30
1329,30,29,30,29,29,30,29,29,30,30,29,30
1330,30,30,29,30,29,29,30,29,29,30,30,29
1331,30,30,29,30,30,29,29,30,29,30,29,30
1332,29,30,29,30,30,29,30,29,30,30,29,29
1333,30,29,29,30,30,29,30,30,29,30,30,29
1334,29,29,30,29,30,29,30,30,30,29,30,29
1335,30,29,30,29,29,30,29,30,30,29,30,30
1336,29,30,29,30,29,29,30,29,30,29,30,30
1337,30,29,30,29,30,29,29,30,29,30,29,30
1338,29,30,30,29,30,30,29,29,30,29,30,29
1339,30,29,30,29,30,30,30,29,30,29,29,30
1340,29,29,30,29,30,30,30,30,29,30,29,29
1341,30,29,29,30,29,30,30,30,29,30,30,29
1342,29,29,30,29,30,29,30,30,29,30,30,29
1343,30,29,29,30,29,30,29,30,29,30,30,29
1344,30,29,30,29,30,30,29,29,30,29,30,29
1345,30,29,30,30,30,29,30,29,29,30,29,29
1346,30,29,30,30,30,30,29,30,29,29,30,29
1347,29,30,29,30,30,30,29,30,30,29,29,30
1348,29,29,30,29,30,30,29,30,30,30,29,29
1349,30,29,29,30,29,30,30,29,30,30,29,30
1350,29,30,29,30,29,30,29,29,30,30,29,30
1351,30,29,30,29,30,29,30,29,29,30,29,30
1352,30,29,30,30,29,30,29,30,29,29,30,29
1353,30,29,30,30,30,29,30,29,29,30,29,30
1354,29,30,29,30,30,29,30,30,29,30,29,29
1355,30,29,29,30,30,29,30,30,29,30,30,29
1356,29,30,29,30,29,30,29,30,29,30,30,30
1357,29,29,30,29,30,29,29,30,29,30,30,30
1358,29,30,29,30,29,30,29,29,30,29,30,30
1359,29,30,30,29,30,29,30,29,29,29,30,30
1360,29,30,30,30,29,30,29,30,29,29,30,29
1361,30,29,30,30,29,30,30,29,29,30,29,30
1362,29,30,29,30,29,30,30,29,30,29,30,29
1363,30,29,30,29,30,29,30,29,30,29,30,30
1364,29,30,29,30,29,29,30,29,30,29,30,30
1365,30,30,29,29,30,29,29,30,29,30,29,30
1366,30,30,29,30,29,30,29,29,30,29,30,29
1367,30,30,29,30,30,29,30,29,29,30,29,30
1368,29,30,29,30,30,30,29,29,30,29,30,29
1369,30,29,30,29,30,30,29,30,29,30,30,29
1370,30,29,29,30,29,30,29,30,29,30,30,30
1371,29,30,29,29,30,29,30,29,30,29,30,30
1372,30,29,29,30,29,30,29,29,30,29,30,30
1373,30,29,30,29,30,29,30,29,29,30,29,30
1374,30,29,30,30,29,30,29,30,29,29,30,29
1375,30,29,30,30,29,30,30,29,30,29,30,29
1376,29,30,29,30,29,30,30,30,29,30,29,30
1377,29,29,30,29,29,30,30,30,29,30,30,29
1378,30,29,29,29,30,29,30,30,29,30,30,30
1379,29,30,29,29,29,30,29,30,30,29,30,30
1380,29,30,29,30,29,30,29,30,29,30,29,30
1381,29,30,29,30,30,29,30,29,30,29,29,30
1382,29,30,29,30,30,29,30,30,29,30,29,29
1383,30,29,29,30,30,30,29,30,30,29,30,29
1384,29,30,29,29,30,30,29,30,30,30,29,30
1385,29,29,30,29,29,30,30,29,30,30,30,29
1386,30,29,29,30,29,29,30,30,29,30,30,29
1387,30,29,30,29,30,29,30,29,30,29,30,29
1388,30,30,29,30,29,30,29,30,29,30,29,29
1389,30,30,29,30,30,29,30,30,29,29,30,29
1390,29,30,29,30,30,30,29,30,29,30,29,30
1391,29,29,30,29,30,30,29,30,30,29,30,29
1392,30,29,29,30,29,30,29,30,30,29,30,30
1393,29,30,29,29,30,29,30,29,30,29,30,30
1394,30,29,30,29,29,30,29,30,29,30,29,30
1395,30,29,30,30,29,30,29,29,30,29,29,30
1396,30,29,30,30,29,30,30,29,29,30,29,29
1397,30,29,30,30,29,30,30,30,29,29,29,30
1398,29,30,29,30,30,29,30,30,29,30,29,29
1399,30,29,30,29,30,29,30,30,29,30,29,30
1400,30,29,30,29,29,30,29,30,29,30,29,30
1401,30,30,29,30,29,29,30,29,29,30,29,30
1402,30,30,30,29,30,29,29,30,29,29,30,29
1403,30,30,30,29,30,30,29,29,30,29,29,30
1404,29,30,30,29,30,30,29,30,29,30,29,29
1405,30,29,30,29,30,30,30,29,30,29,29,30
1406,30,29,29,30,29,30,30,29,30,29,30,30
1407,29,30,29,29,30,29,30,29,30,29,30,30
1408,30,29,30,29,30,29,29,30,29,29,30,30
1409,30,30,29,30,29,30,29,29,30,29,29,30
1410,30,30,29,30,30,29,30,29,29,30,29,29
1411,30,30,29,30,30,29,30,30,29,29,30,29
1412,30,29,30,29,30,29,30,30,30,29,29,30
1413,29,30,29,29,30,29,30,30,30,29,30,29
1414,30,29,30,29,29,30,29,30,30,29,30,30
1415,29,30,29,30,29,29,30,29,30,29,30,30
1416,30,29,30,29,30,29,29,30,29,30,29,30
1417,30,29,30,30,29,29,30,29,30,29,30,29
1418,30,29,30,30,29,30,29,30,29,30,29,30
1419,29,30,29,30,29,30,29,30,30,30,29,29
1420,29,30,29,29,30,29,30,30,30,30,29,30
1421,29,29,30,29,29,29,30,30,30,30,29,30
1422,30,29,29,30,29,29,29,30,30,30,29,30
1423,30,29,30,29,30,29,29,30,29,30,29,30
1424,30,29,30,30,29,30,29,29,30,29,30,29
1425,30,29,30,30,29,30,29,30,30,29,30,29
1426,29,30,29,30,29,30,30,29,30,30,29,30
1427,29,29,30,29,30,29,30,30,29,30,30,29
1428,30,29,29,30,29,29,30,30,30,29,30,30
1429,29,30,29,29,30,29,29,30,30,29,30,30
1430,29,30,30,29,29,30,29,30,29,30,29,30
1431,29,30,30,29,30,29,30,29,30,29,29,30
1432,29,30,30,30,29,30,29,30,29,30,29,29
1433,30,29,30,30,29,30,30,29,30,29,30,29
1434,29,30,29,30,29,30,30,29,30,30,29,29
1435,30,29,30,29,30,29,30,29,30,30,29,30
1436,29,30,29,30,29,30,29,30,29,30,29,30
1437,30,29,30,30,29,29,30,29,30,29,29,30
1438,30,29,30,30,30,29,29,30,29,29,30,29
1439,30,29,30,30,30,29,30,29,30,29,29,30
1440,29,30,29,30,30,30,29,30,29,30,29,29
1441,30,29,30,29,30,30,29,30,30,29,30,29
1442,29,30,29,30,29,30,29,30,30,29,30,29
1443,30,29,30,29,30,29,30,29,30,29,30,30
1444,29,30,29,30,30,29,29,30,29,30,29,30
1445,29,30,30,30,29,30,29,29,30,29,29,30
1446,29,30,30,30,29,30,30,29,29,30,29,29
1447,30,29,30,30,30,29,30,29,30,29,30,29
1448,29,30,29,30,30,29,30,30,29,30,29,30
1449,29,29,30,29,30,29,30,30,29,30,30,29
1450,30,29,30,29,29,30,29,30,29,30,30,29
1451,30,30,30,29,29,30,29,29,30,30,29,30
1452,30,29,30,30,29,29,30,29,29,30,29,30
1453,30,29,30,30,29,30,29,30,29,29,30,29
1454,30,29,30,30,29,30,30,29,30,29,30,29
1455,29,30,29,30,30,29,30,29,30,30,29,30
1456,29,29,30,29,30,29,30,29,30,30,30,29
1457,30,29,29,30,29,29,30,29,30,30,30,30
1458,29,30,29,29,30,29,29,30,29,30,30,30
1459,29,30,30,29,29,30,29,29,30,29,30,30
1460,29,30,30,29,30,29,30,29,29,30,29,30
1461,29,30,30,29,30,29,30,29,30,30,29,29
1462,30,29,30,29,30,30,29,30,29,30,30,29
1463,29,30,29,30,29,30,29,30,30,30,29,30
1464,29,30,29,29,30,29,29,30,30,30,29,30
1465,30,29,30,29,29,30,29,29,30,30,29,30
1466,30,30,29,30,29,29,29,30,29,30,30,29
1467,30,30,29,30,30,29,29,30,29,30,29,30
1468,29,30,29,30,30,29,30,29,30,29,30,29
1469,29,30,29,30,30,29,30,30,29,30,29,30
1470,29,29,30,29,30,30,29,30,30,29,30,29
1471,30,29,29,30,29,30,29,30,30,29,30,30
1472,29,30,29,29,30,29,30,29,30,30,29,30
1473,29,30,29,30,30,29,29,30,29,30,29,30
1474,29,30,30,29,30,30,29,29,30,29,30,29
1475,29,30,30,29,30,30,30,29,29,30,29,29
1476,30,29,30,29,30,30,30,29,30,29,30,29
1477,29,30,29,29,30,30,30,30,29,30,29,30
1478,29,29,30,29,30,29,30,30,29,30,30,29
1479,30,29,29,30,29,30,29,30,29,30,30,29
1480,30,29,30,29,30,29,30,29,30,29,30,29
1481,30,29,30,30,29,30,29,30,29,30,29,29
1482,30,29,30,30,30,30,29,30,29,29,30,29
1483,29,30,29,30,30,30,29,30,30,29,29,30
1484,29,29,30,29,30,30,30,29,30,29,30,29
1485,30,29,29,30,29,30,30,29,30,30,29,30
1486,29,30,29,29,30,29,30,29,30,30,29,30
1487,30,29,30,29,30,29,29,30,29,30,29,30
1488,30,29,30,30,29,30,29,29,30,29,30,29
1489,30,29,30,30,30,29,30,29,29,30,29,30
1490,29,30,29,30,30,29,30,30,29,29,30,29
1491,30,29,29,30,30,29,30,30,29,30,29,30
1492,29,30,29,29,30,30,29,30,29,30,30,29
1493,30,29,30,29,30,29,29,30,29,30,30,30
1494,29,30,29,30,29,30,29,29,29,30,30,30
1495,29,30,30,29,30,29,29,30,29,29,30,30
1496,29,30,30,30,29,30,29,29,30,29,29,30
1497,30,29,30,30,29,30,29,30,29,30,29,30
1498,29,30,29,30,29,30,30,29,30,29,30,29
1499,30,29,30,29,29,30,30,29,30,29,30,30
1500,29,30,29,30,29,29,30,29,30,29,30,30
